Name of RV,Desciption of RV,Type of RV,Location of RV,Ratings Reviews of RV,Price of RV
Wandering Swan,Sleeps 5,Pop top,Butler,3,$90
Serendipity Glamping Projector,Sleeps 2,Campervan,Waterloo,12,$75
Sunshine Trail AM-02,Sleeps 2,Hard-floor Camper Trailer,Haynes,4,$90
FAMILY LUXURY ON WHEELS,Sleeps 5,Caravan,Bli Bli,37,$160
Condor Caravan Quad Bunk 24ft,Sleeps 7,Caravan,North Lakes,4,$110
Lilly,Sleeps 4,Campervan,PERTH,61,$155
"Deluxe, all Inclusive & Quick Setup - Johnno's Deluxe",Sleeps 5,Soft-floor Camper Trailer,Adelaide,4,$90
Family Caravan Adventure Awaits,Sleeps 5,Caravan,Collie,32,$140
Frankie Fortitude,Sleeps 2,Caravan,Burleigh Waters,7,$150
Henry - Yonder 4x4 off-grid camper.,Sleeps 4,Campervan,Darwin,12,$300
Swan Getaway,Sleeps 6,Pop top,Belmont North,117,$79
5 Star Brand New Leader Gold Caravan - Brisbane,Sleeps 4,Caravan,Brisbane,2,$95
Swan,Sleeps 6,Pop top,Wangara,0,$70
Stay n Play on the Mid North Coast,Sleeps 5,Caravan,Kempsey,13,$159
Xavi - 22ft Triple Bunk Malibu Family Adventurer [2021],Sleeps 6,Caravan,Glenorie,1,$150
Jayco Journey,Sleeps 4,Caravan,Bassendean,9,$135
"Wakoo the Wanderer, make all your travel dreams come true with Wakoo",Sleeps 4,Motorhome,Pampoolah,18,$130
Tremendous Teardrop!,Sleeps 2,Caravan,Stratham,26,$65
Lightweight Swifty,Sleeps 4,Pop top,Springfield,48,$55
Amazing Avan Aliner,Sleeps 4,Pop top,Mentone,22,$70
O2S - Road Owl No.7,Sleeps 4,Caravan,Sippy Downs,1,$110
Outback & Oceans,Sleeps 4,Pop top,Wynnum,28,$110
Lexi leader,Sleeps 6,Caravan,Metford,20,$110
Skye,Sleeps 2,Motorhome,Norwood,19,$160
River Relax,Sleeps 2,Caravan,LOXTON,1,$130
Big Finke,Sleeps 6,Motorhome,Wallsend,29,$160
The Big Ozzie Explorer,Sleeps 5,Caravan,Quinns Rocks,9,$100
Vanona Ryder,Sleeps 2,Campervan,LEICHHARDT,27,$85
Cruisingwithvan - Take a cruise in van,Sleeps 2,Campervan,Long Jetty,29,$140
Happy Days,Sleeps 5,Expander,Burns Beach,59,$85
Shindig,Sleeps 2,Campervan,Bicton,8,$190
Aqua üåàüåä‚ù§,Sleeps 3,Campervan,Newcastle,18,$95
Freeda...Go and chase your dreams,Sleeps 2,Campervan,Perth,12,$95
Living your best LIFE,Sleeps 6,Motorhome,Kingsley,3,$199
"Sirocco - ""Aussie Crawl""",Sleeps 3,Pop top,Brisbane,7,$120
Big Bear - Off grid exPanda,Sleeps 5,Expander,Mandurah,4,$138
Bayside camper,Sleeps 8,Hard-floor Camper Trailer,Redland Bay,10,$80
Jen + Tonic,Sleeps 3,Caravan,Hope Island,40,$70
Off Road 16ft Road Owl Triple Bunk,Sleeps 5,Caravan,Australind,3,$120
Glamp It Up,Sleeps 10,Hard-floor Camper Trailer,Perth,28,$95
Migaloo,Sleeps 2,Campervan,Port Macquarie,8,$115
Happy days,Sleeps 6,Pop top,Perth,27,$85
'The Sunset Seeker' Robson XTT Deluxe Camper Trailer,Sleeps 6,Hard-floor Camper Trailer,Willagee,9,$115
Affordable Luxury - Byron Bay and Gold Coast,Sleeps 2,Motorhome,Lennox Head,31,$99
Emu Xtraveller - Off Grid Ready!,Sleeps 6,Caravan,Carlisle,28,$150
Home Away From Home Projector Glamping,Sleeps 2,Campervan,sydney,13,$80
Family Journey,Sleeps 4,Pop top,Catani,21,$90
Barry,Sleeps 2,Caravan,Morayfield,8,$130
Rancho Relaxo,Sleeps 6,Motorhome,Byron Bay,3,$245
Caravan 6233,Sleeps 5,Caravan,Bunbury,27,$125
Duffy‚Äôs Patriot X3 Camper Trailer,Sleeps 4,Hard-floor Camper Trailer,Bedford,11,$150
Eddy the Expanda,Sleeps 5,Expander,Echuca,22,$100
Louminous,Sleeps 2,Campervan,Mermaid Waters,22,$200
Camper van Hilux 4x4,Sleeps 3,Campervan,Dundas,5,$130
Swift Escape,Sleeps 4,Pop top,Belmont North,120,$69
Track Shack (with optional bike rack),Sleeps 2,Campervan,Hawley Beach,10,$115
The Sunshine Shack,Sleeps 6,Motorhome,Bicton,24,$250
Cub Frontier Forward Fold,Sleeps 4,Hard-floor Camper Trailer,Bayswater,15,$100
The Ezylife,Sleeps 4,Pop top,Highfields,5,$90
Hunter Frankie,Sleeps 4,Caravan,North Rothbury,8,$85
Go Anywhere,Sleeps 2,Campervan,Tumbi Umbi,24,$130
Off Road Deluxe 1,Sleeps 4,Hard-floor Camper Trailer,Subiaco,12,$90
New Gen Caravan,Sleeps 5,Caravan,Dundowran Beach,0,$140
Stapleton,Sleeps 5,Caravan,Morisset,7,$135
VANCATION- 18‚Äù New Age Adventurer Road Owl 18BE,Sleeps 4,Pop top,Ipswich region,6,$120
2010 All Terrain Full-Off Road,Sleeps 6,Soft-floor Camper Trailer,Leura,10,$50
Freedom Explorer,Sleeps 6,Motorhome,Cranbourne North,49,$110
Adventure awaits!,Sleeps 4,Caravan,Medowie,19,$110
Expanda Family Van,Sleeps 6,Expander,Hervey Bay,19,$85
AIRCON Campercation,Sleeps 4,Pop top,Townsville,12,$95
Nelly,Sleeps 2,Campervan,Canning,18,$190
Reba VanEntire,Sleeps 2,Campervan,Port Melbourne,32,$175
